<?xml version="1.0" encoding="UTF-8"?>
<flusso_ordinativi Id="OPIUF1KEY20200000194">
   <testata_flusso>
      <codice_ABI_BT>01005</codice_ABI_BT>
      <identificativo_flusso>OPIUF1KEY20200000194</identificativo_flusso>
      <data_ora_creazione_flusso>2020-02-10T12:53:35</data_ora_creazione_flusso>
      <codice_ente>UF1KEY</codice_ente>
      <descrizione_ente>AZIENDA SANITARIA PROVINCIALE DI REGGIO CALABRIA</descrizione_ente>
      <codice_istat_ente>026279471000000</codice_istat_ente>
      <codice_fiscale_ente>02638720801</codice_fiscale_ente>
      <codice_tramite_ente>A2A-51955550</codice_tramite_ente>
      <codice_tramite_BT>A2A-70941793</codice_tramite_BT>
      <codice_ente_BT>0004172</codice_ente_BT>
   </testata_flusso>
   <esercizio>2020</esercizio>
   <mandato>
      <tipo_operazione>INSERIMENTO</tipo_operazione>
      <numero_mandato>1397</numero_mandato>
      <data_mandato>2020-02-06</data_mandato>
      <importo_mandato>87.84</importo_mandato>
      <informazioni_beneficiario>
         <progressivo_beneficiario>1</progressivo_beneficiario>
         <importo_beneficiario>87.84</importo_beneficiario>
         <tipo_pagamento>SEPA CREDIT TRANSFER</tipo_pagamento>
         <destinazione>LIBERA</destinazione>
         <tipo_contabilita_ente_ricevente>FRUTTIFERA</tipo_contabilita_ente_ricevente>
         <classificazione>
            <codice_cgu>2112</codice_cgu>
            <importo>87.84</importo>
            <classificazione_dati_siope_uscite>
               <tipo_debito_siope_c>COMMERCIALE</tipo_debito_siope_c>
               <codice_cig_siope>6136119595</codice_cig_siope>
               <fattura_siope>
                  <codice_ipa_ente_siope>UF1KEY</codice_ipa_ente_siope>
                  <tipo_documento_siope_e>ELETTRONICO</tipo_documento_siope_e>
                  <identificativo_lotto_sdi_siope>1130149277</identificativo_lotto_sdi_siope>
                  <dati_fattura_siope>
                     <numero_fattura_siope>5302033945</numero_fattura_siope>
                     <importo_siope>107.16</importo_siope>
                     <data_scadenza_pagam_siope>2019-10-15</data_scadenza_pagam_siope>
                     <natura_spesa_siope>CORRENTE</natura_spesa_siope>
                  </dati_fattura_siope>
               </fattura_siope>
            </classificazione_dati_siope_uscite>
         </classificazione>
         <bollo>
            <assoggettamento_bollo>ESENTE BOLLO</assoggettamento_bollo>
            <causale_esenzione_bollo>ESENTE BOLLO IN QUANTO DOCUMENTI ASSOGGETTATI AD IVA</causale_esenzione_bollo>
         </bollo>
         <spese>
            <soggetto_destinatario_delle_spese>ESENTE</soggetto_destinatario_delle_spese>
            <causale_esenzione_spese>NESSUNA SPESA</causale_esenzione_spese>
         </spese>
         <beneficiario>
            <anagrafica_beneficiario>B BRAUN MILANO SPA</anagrafica_beneficiario>
            <indirizzo_beneficiario>VIA VINCENZO DA SEREGNO 14</indirizzo_beneficiario>
            <cap_beneficiario>20161</cap_beneficiario>
            <localita_beneficiario>MILANO</localita_beneficiario>
            <provincia_beneficiario>MI</provincia_beneficiario>
            <stato_beneficiario>IT</stato_beneficiario>
            <partita_iva_beneficiario>00674840152</partita_iva_beneficiario>
         </beneficiario>
         <sepa_credit_transfer>
            <iban>IT65O0200809432000030087871</iban>
         </sepa_credit_transfer>
         <causale>CIG: 6136119595 Fatture: 2033945/19</causale>
         <informazioni_aggiuntive>
            <lingua>ITALIANO</lingua>
         </informazioni_aggiuntive>
      </informazioni_beneficiario>
   </mandato>
   <mandato>
      <tipo_operazione>INSERIMENTO</tipo_operazione>
      <numero_mandato>1398</numero_mandato>
      <data_mandato>2020-02-06</data_mandato>
      <importo_mandato>342.55</importo_mandato>
      <informazioni_beneficiario>
         <progressivo_beneficiario>1</progressivo_beneficiario>
         <importo_beneficiario>342.55</importo_beneficiario>
         <tipo_pagamento>SEPA CREDIT TRANSFER</tipo_pagamento>
         <destinazione>LIBERA</destinazione>
         <tipo_contabilita_ente_ricevente>FRUTTIFERA</tipo_contabilita_ente_ricevente>
         <classificazione>
            <codice_cgu>2112</codice_cgu>
            <importo>342.55</importo>
            <classificazione_dati_siope_uscite>
               <tipo_debito_siope_c>COMMERCIALE</tipo_debito_siope_c>
               <codice_cig_siope>6136119595</codice_cig_siope>
               <fattura_siope>
                  <codice_ipa_ente_siope>UF1KEY</codice_ipa_ente_siope>
                  <tipo_documento_siope_e>ELETTRONICO</tipo_documento_siope_e>
                  <identificativo_lotto_sdi_siope>880583022</identificativo_lotto_sdi_siope>
                  <dati_fattura_siope>
                     <numero_fattura_siope>5302020343</numero_fattura_siope>
                     <importo_siope>417.91</importo_siope>
                     <data_scadenza_pagam_siope>2019-08-15</data_scadenza_pagam_siope>
                     <natura_spesa_siope>CORRENTE</natura_spesa_siope>
                  </dati_fattura_siope>
               </fattura_siope>
            </classificazione_dati_siope_uscite>
         </classificazione>
         <bollo>
            <assoggettamento_bollo>ESENTE BOLLO</assoggettamento_bollo>
            <causale_esenzione_bollo>ESENTE BOLLO IN QUANTO DOCUMENTI ASSOGGETTATI AD IVA</causale_esenzione_bollo>
         </bollo>
         <spese>
            <soggetto_destinatario_delle_spese>ESENTE</soggetto_destinatario_delle_spese>
            <causale_esenzione_spese>NESSUNA SPESA</causale_esenzione_spese>
         </spese>
         <beneficiario>
            <anagrafica_beneficiario>B BRAUN MILANO SPA</anagrafica_beneficiario>
            <indirizzo_beneficiario>VIA VINCENZO DA SEREGNO 14</indirizzo_beneficiario>
            <cap_beneficiario>20161</cap_beneficiario>
            <localita_beneficiario>MILANO</localita_beneficiario>
            <provincia_beneficiario>MI</provincia_beneficiario>
            <stato_beneficiario>IT</stato_beneficiario>
            <partita_iva_beneficiario>00674840152</partita_iva_beneficiario>
         </beneficiario>
         <sepa_credit_transfer>
            <iban>IT65O0200809432000030087871</iban>
         </sepa_credit_transfer>
         <causale>CIG: 6136119595 Fatture: 2020343/19</causale>
         <informazioni_aggiuntive>
            <lingua>ITALIANO</lingua>
         </informazioni_aggiuntive>
      </informazioni_beneficiario>
   </mandato>
   <mandato>
      <tipo_operazione>INSERIMENTO</tipo_operazione>
      <numero_mandato>1399</numero_mandato>
      <data_mandato>2020-02-06</data_mandato>
      <importo_mandato>241.48</importo_mandato>
      <informazioni_beneficiario>
         <progressivo_beneficiario>1</progressivo_beneficiario>
         <importo_beneficiario>241.48</importo_beneficiario>
         <tipo_pagamento>SEPA CREDIT TRANSFER</tipo_pagamento>
         <destinazione>LIBERA</destinazione>
         <tipo_contabilita_ente_ricevente>FRUTTIFERA</tipo_contabilita_ente_ricevente>
         <classificazione>
            <codice_cgu>2112</codice_cgu>
            <importo>241.48</importo>
            <classificazione_dati_siope_uscite>
               <tipo_debito_siope_c>COMMERCIALE</tipo_debito_siope_c>
               <codice_cig_siope>6136119595</codice_cig_siope>
               <fattura_siope>
                  <codice_ipa_ente_siope>UF1KEY</codice_ipa_ente_siope>
                  <tipo_documento_siope_e>ELETTRONICO</tipo_documento_siope_e>
                  <identificativo_lotto_sdi_siope>655242598</identificativo_lotto_sdi_siope>
                  <dati_fattura_siope>
                     <numero_fattura_siope>5302010276</numero_fattura_siope>
                     <importo_siope>294.61</importo_siope>
                     <data_scadenza_pagam_siope>2019-07-15</data_scadenza_pagam_siope>
                     <natura_spesa_siope>CORRENTE</natura_spesa_siope>
                  </dati_fattura_siope>
               </fattura_siope>
            </classificazione_dati_siope_uscite>
         </classificazione>
         <bollo>
            <assoggettamento_bollo>ESENTE BOLLO</assoggettamento_bollo>
            <causale_esenzione_bollo>ESENTE BOLLO IN QUANTO DOCUMENTI ASSOGGETTATI AD IVA</causale_esenzione_bollo>
         </bollo>
         <spese>
            <soggetto_destinatario_delle_spese>ESENTE</soggetto_destinatario_delle_spese>
            <causale_esenzione_spese>NESSUNA SPESA</causale_esenzione_spese>
         </spese>
         <beneficiario>
            <anagrafica_beneficiario>B BRAUN MILANO SPA</anagrafica_beneficiario>
            <indirizzo_beneficiario>VIA VINCENZO DA SEREGNO 14</indirizzo_beneficiario>
            <cap_beneficiario>20161</cap_beneficiario>
            <localita_beneficiario>MILANO</localita_beneficiario>
            <provincia_beneficiario>MI</provincia_beneficiario>
            <stato_beneficiario>IT</stato_beneficiario>
            <partita_iva_beneficiario>00674840152</partita_iva_beneficiario>
         </beneficiario>
         <sepa_credit_transfer>
            <iban>IT65O0200809432000030087871</iban>
         </sepa_credit_transfer>
         <causale>CIG: 6136119595 Fatture: 2010276/19</causale>
         <informazioni_aggiuntive>
            <lingua>ITALIANO</lingua>
         </informazioni_aggiuntive>
      </informazioni_beneficiario>
   </mandato>
   <mandato>
      <tipo_operazione>INSERIMENTO</tipo_operazione>
      <numero_mandato>1400</numero_mandato>
      <data_mandato>2020-02-06</data_mandato>
      <importo_mandato>261.94</importo_mandato>
      <informazioni_beneficiario>
         <progressivo_beneficiario>1</progressivo_beneficiario>
         <importo_beneficiario>261.94</importo_beneficiario>
         <tipo_pagamento>SEPA CREDIT TRANSFER</tipo_pagamento>
         <destinazione>LIBERA</destinazione>
         <tipo_contabilita_ente_ricevente>FRUTTIFERA</tipo_contabilita_ente_ricevente>
         <classificazione>
            <codice_cgu>2112</codice_cgu>
            <importo>261.94</importo>
            <classificazione_dati_siope_uscite>
               <tipo_debito_siope_c>COMMERCIALE</tipo_debito_siope_c>
               <codice_cig_siope>6136119595</codice_cig_siope>
               <fattura_siope>
                  <codice_ipa_ente_siope>UF1KEY</codice_ipa_ente_siope>
                  <tipo_documento_siope_e>ELETTRONICO</tipo_documento_siope_e>
                  <identificativo_lotto_sdi_siope>593492155</identificativo_lotto_sdi_siope>
                  <dati_fattura_siope>
                     <numero_fattura_siope>5302007773</numero_fattura_siope>
                     <importo_siope>319.57</importo_siope>
                     <data_scadenza_pagam_siope>2019-07-15</data_scadenza_pagam_siope>
                     <natura_spesa_siope>CORRENTE</natura_spesa_siope>
                  </dati_fattura_siope>
               </fattura_siope>
            </classificazione_dati_siope_uscite>
         </classificazione>
         <bollo>
            <assoggettamento_bollo>ESENTE BOLLO</assoggettamento_bollo>
            <causale_esenzione_bollo>ESENTE BOLLO IN QUANTO DOCUMENTI ASSOGGETTATI AD IVA</causale_esenzione_bollo>
         </bollo>
         <spese>
            <soggetto_destinatario_delle_spese>ESENTE</soggetto_destinatario_delle_spese>
            <causale_esenzione_spese>NESSUNA SPESA</causale_esenzione_spese>
         </spese>
         <beneficiario>
            <anagrafica_beneficiario>B BRAUN MILANO SPA</anagrafica_beneficiario>
            <indirizzo_beneficiario>VIA VINCENZO DA SEREGNO 14</indirizzo_beneficiario>
            <cap_beneficiario>20161</cap_beneficiario>
            <localita_beneficiario>MILANO</localita_beneficiario>
            <provincia_beneficiario>MI</provincia_beneficiario>
            <stato_beneficiario>IT</stato_beneficiario>
            <partita_iva_beneficiario>00674840152</partita_iva_beneficiario>
         </beneficiario>
         <sepa_credit_transfer>
            <iban>IT65O0200809432000030087871</iban>
         </sepa_credit_transfer>
         <causale>CIG: 6136119595 Fatture: 2007773/19</causale>
         <informazioni_aggiuntive>
            <lingua>ITALIANO</lingua>
         </informazioni_aggiuntive>
      </informazioni_beneficiario>
   </mandato>
   <mandato>
      <tipo_operazione>INSERIMENTO</tipo_operazione>
      <numero_mandato>1401</numero_mandato>
      <data_mandato>2020-02-06</data_mandato>
      <importo_mandato>1874.03</importo_mandato>
      <informazioni_beneficiario>
         <progressivo_beneficiario>1</progressivo_beneficiario>
         <importo_beneficiario>1453.76</importo_beneficiario>
         <tipo_pagamento>SEPA CREDIT TRANSFER</tipo_pagamento>
         <destinazione>LIBERA</destinazione>
         <tipo_contabilita_ente_ricevente>FRUTTIFERA</tipo_contabilita_ente_ricevente>
         <classificazione>
            <codice_cgu>2112</codice_cgu>
            <importo>1453.76</importo>
            <classificazione_dati_siope_uscite>
               <tipo_debito_siope_c>COMMERCIALE</tipo_debito_siope_c>
               <codice_cig_siope>2423497CFA</codice_cig_siope>
               <fattura_siope>
                  <codice_ipa_ente_siope>UF1KEY</codice_ipa_ente_siope>
                  <tipo_documento_siope_e>ELETTRONICO</tipo_documento_siope_e>
                  <identificativo_lotto_sdi_siope>956958429</identificativo_lotto_sdi_siope>
                  <dati_fattura_siope>
                     <numero_fattura_siope>5302025022</numero_fattura_siope>
                     <importo_siope>1583.56</importo_siope>
                     <data_scadenza_pagam_siope>2019-08-31</data_scadenza_pagam_siope>
                     <natura_spesa_siope>CORRENTE</natura_spesa_siope>
                  </dati_fattura_siope>
               </fattura_siope>
            </classificazione_dati_siope_uscite>
         </classificazione>
         <bollo>
            <assoggettamento_bollo>ESENTE BOLLO</assoggettamento_bollo>
            <causale_esenzione_bollo>ESENTE BOLLO IN QUANTO DOCUMENTI ASSOGGETTATI AD IVA</causale_esenzione_bollo>
         </bollo>
         <spese>
            <soggetto_destinatario_delle_spese>ESENTE</soggetto_destinatario_delle_spese>
            <causale_esenzione_spese>NESSUNA SPESA</causale_esenzione_spese>
         </spese>
         <beneficiario>
            <anagrafica_beneficiario>B BRAUN MILANO SPA</anagrafica_beneficiario>
            <indirizzo_beneficiario>VIA VINCENZO DA SEREGNO 14</indirizzo_beneficiario>
            <cap_beneficiario>20161</cap_beneficiario>
            <localita_beneficiario>MILANO</localita_beneficiario>
            <provincia_beneficiario>MI</provincia_beneficiario>
            <stato_beneficiario>IT</stato_beneficiario>
            <partita_iva_beneficiario>00674840152</partita_iva_beneficiario>
         </beneficiario>
         <sepa_credit_transfer>
            <iban>IT65O0200809432000030087871</iban>
         </sepa_credit_transfer>
         <causale>CIG: 2423497CFA Fatture: 2025022/19</causale>
         <informazioni_aggiuntive>
            <lingua>ITALIANO</lingua>
         </informazioni_aggiuntive>
      </informazioni_beneficiario>
      <informazioni_beneficiario>
         <progressivo_beneficiario>2</progressivo_beneficiario>
         <importo_beneficiario>420.27</importo_beneficiario>
         <tipo_pagamento>SEPA CREDIT TRANSFER</tipo_pagamento>
         <destinazione>LIBERA</destinazione>
         <tipo_contabilita_ente_ricevente>FRUTTIFERA</tipo_contabilita_ente_ricevente>
         <classificazione>
            <codice_cgu>2112</codice_cgu>
            <importo>420.27</importo>
            <classificazione_dati_siope_uscite>
               <tipo_debito_siope_c>COMMERCIALE</tipo_debito_siope_c>
               <codice_cig_siope>6136119595</codice_cig_siope>
               <fattura_siope>
                  <codice_ipa_ente_siope>UF1KEY</codice_ipa_ente_siope>
                  <tipo_documento_siope_e>ELETTRONICO</tipo_documento_siope_e>
                  <identificativo_lotto_sdi_siope>928917274</identificativo_lotto_sdi_siope>
                  <dati_fattura_siope>
                     <numero_fattura_siope>5302023877</numero_fattura_siope>
                     <importo_siope>375.77</importo_siope>
                     <data_scadenza_pagam_siope>2019-08-31</data_scadenza_pagam_siope>
                     <natura_spesa_siope>CORRENTE</natura_spesa_siope>
                  </dati_fattura_siope>
               </fattura_siope>
               <fattura_siope>
                  <codice_ipa_ente_siope>UF1KEY</codice_ipa_ente_siope>
                  <tipo_documento_siope_e>ELETTRONICO</tipo_documento_siope_e>
                  <identificativo_lotto_sdi_siope>956958475</identificativo_lotto_sdi_siope>
                  <dati_fattura_siope>
                     <numero_fattura_siope>5302025024</numero_fattura_siope>
                     <importo_siope>136.96</importo_siope>
                     <data_scadenza_pagam_siope>2019-08-31</data_scadenza_pagam_siope>
                     <natura_spesa_siope>CORRENTE</natura_spesa_siope>
                  </dati_fattura_siope>
               </fattura_siope>
            </classificazione_dati_siope_uscite>
         </classificazione>
         <bollo>
            <assoggettamento_bollo>ESENTE BOLLO</assoggettamento_bollo>
            <causale_esenzione_bollo>ESENTE BOLLO IN QUANTO DOCUMENTI ASSOGGETTATI AD IVA</causale_esenzione_bollo>
         </bollo>
         <spese>
            <soggetto_destinatario_delle_spese>ESENTE</soggetto_destinatario_delle_spese>
            <causale_esenzione_spese>NESSUNA SPESA</causale_esenzione_spese>
         </spese>
         <beneficiario>
            <anagrafica_beneficiario>B BRAUN MILANO SPA</anagrafica_beneficiario>
            <indirizzo_beneficiario>VIA VINCENZO DA SEREGNO 14</indirizzo_beneficiario>
            <cap_beneficiario>20161</cap_beneficiario>
            <localita_beneficiario>MILANO</localita_beneficiario>
            <provincia_beneficiario>MI</provincia_beneficiario>
            <stato_beneficiario>IT</stato_beneficiario>
            <partita_iva_beneficiario>00674840152</partita_iva_beneficiario>
         </beneficiario>
         <sepa_credit_transfer>
            <iban>IT65O0200809432000030087871</iban>
         </sepa_credit_transfer>
         <causale>CIG: 6136119595 Fatture: 2028773/19 2025024/19</causale>
         <informazioni_aggiuntive>
            <lingua>ITALIANO</lingua>
         </informazioni_aggiuntive>
      </informazioni_beneficiario>
   </mandato>
   <mandato>
      <tipo_operazione>INSERIMENTO</tipo_operazione>
      <numero_mandato>1403</numero_mandato>
      <data_mandato>2020-02-06</data_mandato>
      <importo_mandato>392.00</importo_mandato>
      <informazioni_beneficiario>
         <progressivo_beneficiario>1</progressivo_beneficiario>
         <importo_beneficiario>392.00</importo_beneficiario>
         <tipo_pagamento>SEPA CREDIT TRANSFER</tipo_pagamento>
         <destinazione>LIBERA</destinazione>
         <tipo_contabilita_ente_ricevente>FRUTTIFERA</tipo_contabilita_ente_ricevente>
         <classificazione>
            <codice_cgu>2112</codice_cgu>
            <importo>392.00</importo>
            <classificazione_dati_siope_uscite>
               <tipo_debito_siope_c>COMMERCIALE</tipo_debito_siope_c>
               <codice_cig_siope>2423497CFA</codice_cig_siope>
               <fattura_siope>
                  <codice_ipa_ente_siope>UF1KEY</codice_ipa_ente_siope>
                  <tipo_documento_siope_e>ELETTRONICO</tipo_documento_siope_e>
                  <identificativo_lotto_sdi_siope>462870992</identificativo_lotto_sdi_siope>
                  <dati_fattura_siope>
                     <numero_fattura_siope>5302000717</numero_fattura_siope>
                     <importo_siope>478.24</importo_siope>
                     <data_scadenza_pagam_siope>2019-06-30</data_scadenza_pagam_siope>
                     <natura_spesa_siope>CORRENTE</natura_spesa_siope>
                  </dati_fattura_siope>
               </fattura_siope>
            </classificazione_dati_siope_uscite>
         </classificazione>
         <bollo>
            <assoggettamento_bollo>ESENTE BOLLO</assoggettamento_bollo>
            <causale_esenzione_bollo>ESENTE BOLLO IN QUANTO DOCUMENTI ASSOGGETTATI AD IVA</causale_esenzione_bollo>
         </bollo>
         <spese>
            <soggetto_destinatario_delle_spese>ESENTE</soggetto_destinatario_delle_spese>
            <causale_esenzione_spese>NESSUNA SPESA</causale_esenzione_spese>
         </spese>
         <beneficiario>
            <anagrafica_beneficiario>B BRAUN MILANO SPA</anagrafica_beneficiario>
            <indirizzo_beneficiario>VIA VINCENZO DA SEREGNO 14</indirizzo_beneficiario>
            <cap_beneficiario>20161</cap_beneficiario>
            <localita_beneficiario>MILANO</localita_beneficiario>
            <provincia_beneficiario>MI</provincia_beneficiario>
            <stato_beneficiario>IT</stato_beneficiario>
            <partita_iva_beneficiario>00674840152</partita_iva_beneficiario>
         </beneficiario>
         <sepa_credit_transfer>
            <iban>IT65O0200809432000030087871</iban>
         </sepa_credit_transfer>
         <causale>CIG: 2423497CFA Fatture: 2000717/19</causale>
         <informazioni_aggiuntive>
            <lingua>ITALIANO</lingua>
         </informazioni_aggiuntive>
      </informazioni_beneficiario>
   </mandato>
   <mandato>
      <tipo_operazione>INSERIMENTO</tipo_operazione>
      <numero_mandato>1404</numero_mandato>
      <data_mandato>2020-02-06</data_mandato>
      <importo_mandato>1889.00</importo_mandato>
      <informazioni_beneficiario>
         <progressivo_beneficiario>1</progressivo_beneficiario>
         <importo_beneficiario>1619.00</importo_beneficiario>
         <tipo_pagamento>SEPA CREDIT TRANSFER</tipo_pagamento>
         <destinazione>LIBERA</destinazione>
         <tipo_contabilita_ente_ricevente>FRUTTIFERA</tipo_contabilita_ente_ricevente>
         <classificazione>
            <codice_cgu>2101</codice_cgu>
            <importo>1619.00</importo>
            <classificazione_dati_siope_uscite>
               <tipo_debito_siope_c>COMMERCIALE</tipo_debito_siope_c>
               <codice_cig_siope>283863862D</codice_cig_siope>
               <fattura_siope>
                  <codice_ipa_ente_siope>UF1KEY</codice_ipa_ente_siope>
                  <tipo_documento_siope_e>ELETTRONICO</tipo_documento_siope_e>
                  <identificativo_lotto_sdi_siope>388558100</identificativo_lotto_sdi_siope>
                  <dati_fattura_siope>
                     <numero_fattura_siope>5301997120</numero_fattura_siope>
                     <importo_siope>1556.50</importo_siope>
                     <data_scadenza_pagam_siope>2019-07-15</data_scadenza_pagam_siope>
                     <natura_spesa_siope>CORRENTE</natura_spesa_siope>
                  </dati_fattura_siope>
               </fattura_siope>
               <fattura_siope>
                  <codice_ipa_ente_siope>UF1KEY</codice_ipa_ente_siope>
                  <tipo_documento_siope_e>ELETTRONICO</tipo_documento_siope_e>
                  <identificativo_lotto_sdi_siope>382131705</identificativo_lotto_sdi_siope>
                  <dati_fattura_siope>
                     <numero_fattura_siope>5301995032</numero_fattura_siope>
                     <importo_siope>224.40</importo_siope>
                     <data_scadenza_pagam_siope>2019-07-15</data_scadenza_pagam_siope>
                     <natura_spesa_siope>CORRENTE</natura_spesa_siope>
                  </dati_fattura_siope>
               </fattura_siope>
            </classificazione_dati_siope_uscite>
         </classificazione>
         <bollo>
            <assoggettamento_bollo>ESENTE BOLLO</assoggettamento_bollo>
            <causale_esenzione_bollo>ESENTE BOLLO IN QUANTO DOCUMENTI ASSOGGETTATI AD IVA</causale_esenzione_bollo>
         </bollo>
         <spese>
            <soggetto_destinatario_delle_spese>ESENTE</soggetto_destinatario_delle_spese>
            <causale_esenzione_spese>NESSUNA SPESA</causale_esenzione_spese>
         </spese>
         <beneficiario>
            <anagrafica_beneficiario>B BRAUN MILANO SPA</anagrafica_beneficiario>
            <indirizzo_beneficiario>VIA VINCENZO DA SEREGNO 14</indirizzo_beneficiario>
            <cap_beneficiario>20161</cap_beneficiario>
            <localita_beneficiario>MILANO</localita_beneficiario>
            <provincia_beneficiario>MI</provincia_beneficiario>
            <stato_beneficiario>IT</stato_beneficiario>
            <partita_iva_beneficiario>00674840152</partita_iva_beneficiario>
         </beneficiario>
         <sepa_credit_transfer>
            <iban>IT65O0200809432000030087871</iban>
         </sepa_credit_transfer>
         <causale>CIG: 283863862D Fatture: 1997120/19 1995032/19</causale>
         <informazioni_aggiuntive>
            <lingua>ITALIANO</lingua>
         </informazioni_aggiuntive>
      </informazioni_beneficiario>
      <informazioni_beneficiario>
         <progressivo_beneficiario>2</progressivo_beneficiario>
         <importo_beneficiario>270.00</importo_beneficiario>
         <tipo_pagamento>SEPA CREDIT TRANSFER</tipo_pagamento>
         <destinazione>LIBERA</destinazione>
         <tipo_contabilita_ente_ricevente>FRUTTIFERA</tipo_contabilita_ente_ricevente>
         <classificazione>
            <codice_cgu>2101</codice_cgu>
            <importo>270.00</importo>
            <classificazione_dati_siope_uscite>
               <tipo_debito_siope_c>COMMERCIALE</tipo_debito_siope_c>
               <codice_cig_siope>515515587A</codice_cig_siope>
               <fattura_siope>
                  <codice_ipa_ente_siope>UF1KEY</codice_ipa_ente_siope>
                  <tipo_documento_siope_e>ELETTRONICO</tipo_documento_siope_e>
                  <identificativo_lotto_sdi_siope>440597062</identificativo_lotto_sdi_siope>
                  <dati_fattura_siope>
                     <numero_fattura_siope>5301999417</numero_fattura_siope>
                     <importo_siope>297.00</importo_siope>
                     <data_scadenza_pagam_siope>2019-07-15</data_scadenza_pagam_siope>
                     <natura_spesa_siope>CORRENTE</natura_spesa_siope>
                  </dati_fattura_siope>
               </fattura_siope>
            </classificazione_dati_siope_uscite>
         </classificazione>
         <bollo>
            <assoggettamento_bollo>ESENTE BOLLO</assoggettamento_bollo>
            <causale_esenzione_bollo>ESENTE BOLLO IN QUANTO DOCUMENTI ASSOGGETTATI AD IVA</causale_esenzione_bollo>
         </bollo>
         <spese>
            <soggetto_destinatario_delle_spese>ESENTE</soggetto_destinatario_delle_spese>
            <causale_esenzione_spese>NESSUNA SPESA</causale_esenzione_spese>
         </spese>
         <beneficiario>
            <anagrafica_beneficiario>B BRAUN MILANO SPA</anagrafica_beneficiario>
            <indirizzo_beneficiario>VIA VINCENZO DA SEREGNO 14</indirizzo_beneficiario>
            <cap_beneficiario>20161</cap_beneficiario>
            <localita_beneficiario>MILANO</localita_beneficiario>
            <provincia_beneficiario>MI</provincia_beneficiario>
            <stato_beneficiario>IT</stato_beneficiario>
            <partita_iva_beneficiario>00674840152</partita_iva_beneficiario>
         </beneficiario>
         <sepa_credit_transfer>
            <iban>IT65O0200809432000030087871</iban>
         </sepa_credit_transfer>
         <causale>CIG: 515515587A Fatture: 1999417/19</causale>
         <informazioni_aggiuntive>
            <lingua>ITALIANO</lingua>
         </informazioni_aggiuntive>
      </informazioni_beneficiario>
   </mandato>
   <mandato>
      <tipo_operazione>INSERIMENTO</tipo_operazione>
      <numero_mandato>1405</numero_mandato>
      <data_mandato>2020-02-06</data_mandato>
      <importo_mandato>507.00</importo_mandato>
      <informazioni_beneficiario>
         <progressivo_beneficiario>1</progressivo_beneficiario>
         <importo_beneficiario>507.00</importo_beneficiario>
         <tipo_pagamento>SEPA CREDIT TRANSFER</tipo_pagamento>
         <destinazione>LIBERA</destinazione>
         <tipo_contabilita_ente_ricevente>FRUTTIFERA</tipo_contabilita_ente_ricevente>
         <classificazione>
            <codice_cgu>2112</codice_cgu>
            <importo>507.00</importo>
            <classificazione_dati_siope_uscite>
               <tipo_debito_siope_c>COMMERCIALE</tipo_debito_siope_c>
               <codice_cig_siope>2423497CFA</codice_cig_siope>
               <fattura_siope>
                  <codice_ipa_ente_siope>UF1KEY</codice_ipa_ente_siope>
                  <tipo_documento_siope_e>ELETTRONICO</tipo_documento_siope_e>
                  <identificativo_lotto_sdi_siope>522499484</identificativo_lotto_sdi_siope>
                  <dati_fattura_siope>
                     <numero_fattura_siope>5302003190</numero_fattura_siope>
                     <importo_siope>527.28</importo_siope>
                     <data_scadenza_pagam_siope>2019-06-30</data_scadenza_pagam_siope>
                     <natura_spesa_siope>CORRENTE</natura_spesa_siope>
                  </dati_fattura_siope>
               </fattura_siope>
            </classificazione_dati_siope_uscite>
         </classificazione>
         <bollo>
            <assoggettamento_bollo>ESENTE BOLLO</assoggettamento_bollo>
            <causale_esenzione_bollo>ESENTE BOLLO IN QUANTO DOCUMENTI ASSOGGETTATI AD IVA</causale_esenzione_bollo>
         </bollo>
         <spese>
            <soggetto_destinatario_delle_spese>ESENTE</soggetto_destinatario_delle_spese>
            <causale_esenzione_spese>NESSUNA SPESA</causale_esenzione_spese>
         </spese>
         <beneficiario>
            <anagrafica_beneficiario>B BRAUN MILANO SPA</anagrafica_beneficiario>
            <indirizzo_beneficiario>VIA VINCENZO DA SEREGNO 14</indirizzo_beneficiario>
            <cap_beneficiario>20161</cap_beneficiario>
            <localita_beneficiario>MILANO</localita_beneficiario>
            <provincia_beneficiario>MI</provincia_beneficiario>
            <stato_beneficiario>IT</stato_beneficiario>
            <partita_iva_beneficiario>00674840152</partita_iva_beneficiario>
         </beneficiario>
         <sepa_credit_transfer>
            <iban>IT65O0200809432000030087871</iban>
         </sepa_credit_transfer>
         <causale>CIG: 2423497CFA Fatture: 2003190/19</causale>
         <informazioni_aggiuntive>
            <lingua>ITALIANO</lingua>
         </informazioni_aggiuntive>
      </informazioni_beneficiario>
   </mandato>
   <mandato>
      <tipo_operazione>INSERIMENTO</tipo_operazione>
      <numero_mandato>1406</numero_mandato>
      <data_mandato>2020-02-06</data_mandato>
      <importo_mandato>2966.75</importo_mandato>
      <informazioni_beneficiario>
         <progressivo_beneficiario>1</progressivo_beneficiario>
         <importo_beneficiario>590.00</importo_beneficiario>
         <tipo_pagamento>SEPA CREDIT TRANSFER</tipo_pagamento>
         <destinazione>LIBERA</destinazione>
         <tipo_contabilita_ente_ricevente>FRUTTIFERA</tipo_contabilita_ente_ricevente>
         <classificazione>
            <codice_cgu>2112</codice_cgu>
            <importo>590.00</importo>
            <classificazione_dati_siope_uscite>
               <tipo_debito_siope_c>COMMERCIALE</tipo_debito_siope_c>
               <codice_cig_siope>2423497CFA</codice_cig_siope>
               <fattura_siope>
                  <codice_ipa_ente_siope>UF1KEY</codice_ipa_ente_siope>
                  <tipo_documento_siope_e>ELETTRONICO</tipo_documento_siope_e>
                  <identificativo_lotto_sdi_siope>1112886159</identificativo_lotto_sdi_siope>
                  <dati_fattura_siope>
                     <numero_fattura_siope>5302032972</numero_fattura_siope>
                     <importo_siope>719.80</importo_siope>
                     <data_scadenza_pagam_siope>2019-09-30</data_scadenza_pagam_siope>
                     <natura_spesa_siope>CORRENTE</natura_spesa_siope>
                  </dati_fattura_siope>
               </fattura_siope>
            </classificazione_dati_siope_uscite>
         </classificazione>
         <bollo>
            <assoggettamento_bollo>ESENTE BOLLO</assoggettamento_bollo>
            <causale_esenzione_bollo>ESENTE BOLLO IN QUANTO DOCUMENTI ASSOGGETTATI AD IVA</causale_esenzione_bollo>
         </bollo>
         <spese>
            <soggetto_destinatario_delle_spese>ESENTE</soggetto_destinatario_delle_spese>
            <causale_esenzione_spese>NESSUNA SPESA</causale_esenzione_spese>
         </spese>
         <beneficiario>
            <anagrafica_beneficiario>B BRAUN MILANO SPA</anagrafica_beneficiario>
            <indirizzo_beneficiario>VIA VINCENZO DA SEREGNO 14</indirizzo_beneficiario>
            <cap_beneficiario>20161</cap_beneficiario>
            <localita_beneficiario>MILANO</localita_beneficiario>
            <provincia_beneficiario>MI</provincia_beneficiario>
            <stato_beneficiario>IT</stato_beneficiario>
            <partita_iva_beneficiario>00674840152</partita_iva_beneficiario>
         </beneficiario>
         <sepa_credit_transfer>
            <iban>IT65O0200809432000030087871</iban>
         </sepa_credit_transfer>
         <causale>CIG: 2423497CFA Fatture: 2032972/19</causale>
         <informazioni_aggiuntive>
            <lingua>ITALIANO</lingua>
         </informazioni_aggiuntive>
      </informazioni_beneficiario>
      <informazioni_beneficiario>
         <progressivo_beneficiario>2</progressivo_beneficiario>
         <importo_beneficiario>500.00</importo_beneficiario>
         <tipo_pagamento>SEPA CREDIT TRANSFER</tipo_pagamento>
         <destinazione>LIBERA</destinazione>
         <tipo_contabilita_ente_ricevente>FRUTTIFERA</tipo_contabilita_ente_ricevente>
         <classificazione>
            <codice_cgu>2112</codice_cgu>
            <importo>500.00</importo>
            <classificazione_dati_siope_uscite>
               <tipo_debito_siope_c>COMMERCIALE</tipo_debito_siope_c>
               <codice_cig_siope>257470381F</codice_cig_siope>
               <fattura_siope>
                  <codice_ipa_ente_siope>UF1KEY</codice_ipa_ente_siope>
                  <tipo_documento_siope_e>ELETTRONICO</tipo_documento_siope_e>
                  <identificativo_lotto_sdi_siope>1376671049</identificativo_lotto_sdi_siope>
                  <dati_fattura_siope>
                     <numero_fattura_siope>5302046277</numero_fattura_siope>
                     <importo_siope>226.92</importo_siope>
                     <data_scadenza_pagam_siope>2019-11-15</data_scadenza_pagam_siope>
                     <natura_spesa_siope>CORRENTE</natura_spesa_siope>
                  </dati_fattura_siope>
               </fattura_siope>
               <fattura_siope>
                  <codice_ipa_ente_siope>UF1KEY</codice_ipa_ente_siope>
                  <tipo_documento_siope_e>ELETTRONICO</tipo_documento_siope_e>
                  <identificativo_lotto_sdi_siope>1376746326</identificativo_lotto_sdi_siope>
                  <dati_fattura_siope>
                     <numero_fattura_siope>5302046872</numero_fattura_siope>
                     <importo_siope>383.08</importo_siope>
                     <data_scadenza_pagam_siope>2019-11-15</data_scadenza_pagam_siope>
                     <natura_spesa_siope>CORRENTE</natura_spesa_siope>
                  </dati_fattura_siope>
               </fattura_siope>
            </classificazione_dati_siope_uscite>
         </classificazione>
         <bollo>
            <assoggettamento_bollo>ESENTE BOLLO</assoggettamento_bollo>
            <causale_esenzione_bollo>ESENTE BOLLO IN QUANTO DOCUMENTI ASSOGGETTATI AD IVA</causale_esenzione_bollo>
         </bollo>
         <spese>
            <soggetto_destinatario_delle_spese>ESENTE</soggetto_destinatario_delle_spese>
            <causale_esenzione_spese>NESSUNA SPESA</causale_esenzione_spese>
         </spese>
         <beneficiario>
            <anagrafica_beneficiario>B BRAUN MILANO SPA</anagrafica_beneficiario>
            <indirizzo_beneficiario>VIA VINCENZO DA SEREGNO 14</indirizzo_beneficiario>
            <cap_beneficiario>20161</cap_beneficiario>
            <localita_beneficiario>MILANO</localita_beneficiario>
            <provincia_beneficiario>MI</provincia_beneficiario>
            <stato_beneficiario>IT</stato_beneficiario>
            <partita_iva_beneficiario>00674840152</partita_iva_beneficiario>
         </beneficiario>
         <sepa_credit_transfer>
            <iban>IT65O0200809432000030087871</iban>
         </sepa_credit_transfer>
         <causale>CIG: 257470381F Fatture: 2046277/19 2046872/19</causale>
         <informazioni_aggiuntive>
            <lingua>ITALIANO</lingua>
         </informazioni_aggiuntive>
      </informazioni_beneficiario>
      <informazioni_beneficiario>
         <progressivo_beneficiario>3</progressivo_beneficiario>
         <importo_beneficiario>362.08</importo_beneficiario>
         <tipo_pagamento>SEPA CREDIT TRANSFER</tipo_pagamento>
         <destinazione>LIBERA</destinazione>
         <tipo_contabilita_ente_ricevente>FRUTTIFERA</tipo_contabilita_ente_ricevente>
         <classificazione>
            <codice_cgu>2112</codice_cgu>
            <importo>362.08</importo>
            <classificazione_dati_siope_uscite>
               <tipo_debito_siope_c>COMMERCIALE</tipo_debito_siope_c>
               <codice_cig_siope>6136119595</codice_cig_siope>
               <fattura_siope>
                  <codice_ipa_ente_siope>UF1KEY</codice_ipa_ente_siope>
                  <tipo_documento_siope_e>ELETTRONICO</tipo_documento_siope_e>
                  <identificativo_lotto_sdi_siope>1368536580</identificativo_lotto_sdi_siope>
                  <dati_fattura_siope>
                     <numero_fattura_siope>5302046666</numero_fattura_siope>
                     <importo_siope>441.74</importo_siope>
                     <data_scadenza_pagam_siope>2019-11-15</data_scadenza_pagam_siope>
                     <natura_spesa_siope>CORRENTE</natura_spesa_siope>
                  </dati_fattura_siope>
               </fattura_siope>
            </classificazione_dati_siope_uscite>
         </classificazione>
         <bollo>
            <assoggettamento_bollo>ESENTE BOLLO</assoggettamento_bollo>
            <causale_esenzione_bollo>ESENTE BOLLO IN QUANTO DOCUMENTI ASSOGGETTATI AD IVA</causale_esenzione_bollo>
         </bollo>
         <spese>
            <soggetto_destinatario_delle_spese>ESENTE</soggetto_destinatario_delle_spese>
            <causale_esenzione_spese>NESSUNA SPESA</causale_esenzione_spese>
         </spese>
         <beneficiario>
            <anagrafica_beneficiario>B BRAUN MILANO SPA</anagrafica_beneficiario>
            <indirizzo_beneficiario>VIA VINCENZO DA SEREGNO 14</indirizzo_beneficiario>
            <cap_beneficiario>20161</cap_beneficiario>
            <localita_beneficiario>MILANO</localita_beneficiario>
            <provincia_beneficiario>MI</provincia_beneficiario>
            <stato_beneficiario>IT</stato_beneficiario>
            <partita_iva_beneficiario>00674840152</partita_iva_beneficiario>
         </beneficiario>
         <sepa_credit_transfer>
            <iban>IT65O0200809432000030087871</iban>
         </sepa_credit_transfer>
         <causale>CIG: 6136119595 Fatture: 2046666/19</causale>
         <informazioni_aggiuntive>
            <lingua>ITALIANO</lingua>
         </informazioni_aggiuntive>
      </informazioni_beneficiario>
      <informazioni_beneficiario>
         <progressivo_beneficiario>4</progressivo_beneficiario>
         <importo_beneficiario>989.79</importo_beneficiario>
         <tipo_pagamento>SEPA CREDIT TRANSFER</tipo_pagamento>
         <destinazione>LIBERA</destinazione>
         <tipo_contabilita_ente_ricevente>FRUTTIFERA</tipo_contabilita_ente_ricevente>
         <classificazione>
            <codice_cgu>2112</codice_cgu>
            <importo>989.79</importo>
            <classificazione_dati_siope_uscite>
               <tipo_debito_siope_c>COMMERCIALE</tipo_debito_siope_c>
               <codice_cig_siope>6140401334</codice_cig_siope>
               <fattura_siope>
                  <codice_ipa_ente_siope>UF1KEY</codice_ipa_ente_siope>
                  <tipo_documento_siope_e>ELETTRONICO</tipo_documento_siope_e>
                  <identificativo_lotto_sdi_siope>907720172</identificativo_lotto_sdi_siope>
                  <dati_fattura_siope>
                     <numero_fattura_siope>5302022435</numero_fattura_siope>
                     <importo_siope>477.34</importo_siope>
                     <data_scadenza_pagam_siope>2019-08-31</data_scadenza_pagam_siope>
                     <natura_spesa_siope>CORRENTE</natura_spesa_siope>
                  </dati_fattura_siope>
               </fattura_siope>
               <fattura_siope>
                  <codice_ipa_ente_siope>UF1KEY</codice_ipa_ente_siope>
                  <tipo_documento_siope_e>ELETTRONICO</tipo_documento_siope_e>
                  <identificativo_lotto_sdi_siope>941343699</identificativo_lotto_sdi_siope>
                  <dati_fattura_siope>
                     <numero_fattura_siope>5302024788</numero_fattura_siope>
                     <importo_siope>571.42</importo_siope>
                     <data_scadenza_pagam_siope>2019-08-31</data_scadenza_pagam_siope>
                     <natura_spesa_siope>CORRENTE</natura_spesa_siope>
                  </dati_fattura_siope>
               </fattura_siope>
               <fattura_siope>
                  <codice_ipa_ente_siope>UF1KEY</codice_ipa_ente_siope>
                  <tipo_documento_siope_e>ELETTRONICO</tipo_documento_siope_e>
                  <identificativo_lotto_sdi_siope>969291770</identificativo_lotto_sdi_siope>
                  <dati_fattura_siope>
                     <numero_fattura_siope>5302025786</numero_fattura_siope>
                     <importo_siope>158.78</importo_siope>
                     <data_scadenza_pagam_siope>2019-09-15</data_scadenza_pagam_siope>
                     <natura_spesa_siope>CORRENTE</natura_spesa_siope>
                  </dati_fattura_siope>
               </fattura_siope>
            </classificazione_dati_siope_uscite>
         </classificazione>
         <bollo>
            <assoggettamento_bollo>ESENTE BOLLO</assoggettamento_bollo>
            <causale_esenzione_bollo>ESENTE BOLLO IN QUANTO DOCUMENTI ASSOGGETTATI AD IVA</causale_esenzione_bollo>
         </bollo>
         <spese>
            <soggetto_destinatario_delle_spese>ESENTE</soggetto_destinatario_delle_spese>
            <causale_esenzione_spese>NESSUNA SPESA</causale_esenzione_spese>
         </spese>
         <beneficiario>
            <anagrafica_beneficiario>B BRAUN MILANO SPA</anagrafica_beneficiario>
            <indirizzo_beneficiario>VIA VINCENZO DA SEREGNO 14</indirizzo_beneficiario>
            <cap_beneficiario>20161</cap_beneficiario>
            <localita_beneficiario>MILANO</localita_beneficiario>
            <provincia_beneficiario>MI</provincia_beneficiario>
            <stato_beneficiario>IT</stato_beneficiario>
            <partita_iva_beneficiario>00674840152</partita_iva_beneficiario>
         </beneficiario>
         <sepa_credit_transfer>
            <iban>IT65O0200809432000030087871</iban>
         </sepa_credit_transfer>
         <causale>CIG: 6140401334 Fatture: 2022435/19 2024788/19 2025786/19</causale>
         <informazioni_aggiuntive>
            <lingua>ITALIANO</lingua>
         </informazioni_aggiuntive>
      </informazioni_beneficiario>
      <informazioni_beneficiario>
         <progressivo_beneficiario>5</progressivo_beneficiario>
         <importo_beneficiario>524.88</importo_beneficiario>
         <tipo_pagamento>SEPA CREDIT TRANSFER</tipo_pagamento>
         <destinazione>LIBERA</destinazione>
         <tipo_contabilita_ente_ricevente>FRUTTIFERA</tipo_contabilita_ente_ricevente>
         <classificazione>
            <codice_cgu>2112</codice_cgu>
            <importo>524.88</importo>
            <classificazione_dati_siope_uscite>
               <tipo_debito_siope_c>COMMERCIALE</tipo_debito_siope_c>
               <codice_cig_siope>6140435F3F</codice_cig_siope>
               <fattura_siope>
                  <codice_ipa_ente_siope>UF1KEY</codice_ipa_ente_siope>
                  <tipo_documento_siope_e>ELETTRONICO</tipo_documento_siope_e>
                  <identificativo_lotto_sdi_siope>1108324043</identificativo_lotto_sdi_siope>
                  <dati_fattura_siope>
                     <numero_fattura_siope>5302032729</numero_fattura_siope>
                     <importo_siope>330.38</importo_siope>
                     <data_scadenza_pagam_siope>2019-09-30</data_scadenza_pagam_siope>
                     <natura_spesa_siope>CORRENTE</natura_spesa_siope>
                  </dati_fattura_siope>
               </fattura_siope>
               <fattura_siope>
                  <codice_ipa_ente_siope>UF1KEY</codice_ipa_ente_siope>
                  <tipo_documento_siope_e>ELETTRONICO</tipo_documento_siope_e>
                  <identificativo_lotto_sdi_siope>1192289528</identificativo_lotto_sdi_siope>
                  <dati_fattura_siope>
                     <numero_fattura_siope>5302036950</numero_fattura_siope>
                     <importo_siope>309.98</importo_siope>
                     <data_scadenza_pagam_siope>2019-10-15</data_scadenza_pagam_siope>
                     <natura_spesa_siope>CORRENTE</natura_spesa_siope>
                  </dati_fattura_siope>
               </fattura_siope>
            </classificazione_dati_siope_uscite>
         </classificazione>
         <bollo>
            <assoggettamento_bollo>ESENTE BOLLO</assoggettamento_bollo>
            <causale_esenzione_bollo>ESENTE BOLLO IN QUANTO DOCUMENTI ASSOGGETTATI AD IVA</causale_esenzione_bollo>
         </bollo>
         <spese>
            <soggetto_destinatario_delle_spese>ESENTE</soggetto_destinatario_delle_spese>
            <causale_esenzione_spese>NESSUNA SPESA</causale_esenzione_spese>
         </spese>
         <beneficiario>
            <anagrafica_beneficiario>B BRAUN MILANO SPA</anagrafica_beneficiario>
            <indirizzo_beneficiario>VIA VINCENZO DA SEREGNO 14</indirizzo_beneficiario>
            <cap_beneficiario>20161</cap_beneficiario>
            <localita_beneficiario>MILANO</localita_beneficiario>
            <provincia_beneficiario>MI</provincia_beneficiario>
            <stato_beneficiario>IT</stato_beneficiario>
            <partita_iva_beneficiario>00674840152</partita_iva_beneficiario>
         </beneficiario>
         <sepa_credit_transfer>
            <iban>IT65O0200809432000030087871</iban>
         </sepa_credit_transfer>
         <causale>CIG: 6140435F3F Fatture: 2032729/19 2036950/19</causale>
         <informazioni_aggiuntive>
            <lingua>ITALIANO</lingua>
         </informazioni_aggiuntive>
      </informazioni_beneficiario>
   </mandato>
   <mandato>
      <tipo_operazione>INSERIMENTO</tipo_operazione>
      <numero_mandato>1407</numero_mandato>
      <data_mandato>2020-02-06</data_mandato>
      <importo_mandato>381.60</importo_mandato>
      <informazioni_beneficiario>
         <progressivo_beneficiario>1</progressivo_beneficiario>
         <importo_beneficiario>381.60</importo_beneficiario>
         <tipo_pagamento>SEPA CREDIT TRANSFER</tipo_pagamento>
         <destinazione>LIBERA</destinazione>
         <tipo_contabilita_ente_ricevente>FRUTTIFERA</tipo_contabilita_ente_ricevente>
         <classificazione>
            <codice_cgu>2112</codice_cgu>
            <importo>381.60</importo>
            <classificazione_dati_siope_uscite>
               <tipo_debito_siope_c>COMMERCIALE</tipo_debito_siope_c>
               <codice_cig_siope>287285314B</codice_cig_siope>
               <fattura_siope>
                  <codice_ipa_ente_siope>UF1KEY</codice_ipa_ente_siope>
                  <tipo_documento_siope_e>ELETTRONICO</tipo_documento_siope_e>
                  <identificativo_lotto_sdi_siope>1206425394</identificativo_lotto_sdi_siope>
                  <dati_fattura_siope>
                     <numero_fattura_siope>220</numero_fattura_siope>
                     <importo_siope>396.86</importo_siope>
                     <data_scadenza_pagam_siope>2019-10-15</data_scadenza_pagam_siope>
                     <natura_spesa_siope>CORRENTE</natura_spesa_siope>
                  </dati_fattura_siope>
               </fattura_siope>
            </classificazione_dati_siope_uscite>
         </classificazione>
         <bollo>
            <assoggettamento_bollo>ESENTE BOLLO</assoggettamento_bollo>
            <causale_esenzione_bollo>ESENTE BOLLO IN QUANTO DOCUMENTI ASSOGGETTATI AD IVA</causale_esenzione_bollo>
         </bollo>
         <spese>
            <soggetto_destinatario_delle_spese>ESENTE</soggetto_destinatario_delle_spese>
            <causale_esenzione_spese>NESSUNA SPESA</causale_esenzione_spese>
         </spese>
         <beneficiario>
            <anagrafica_beneficiario>CAI SERVICE SPA</anagrafica_beneficiario>
            <indirizzo_beneficiario>VIA G MERCALLI 4</indirizzo_beneficiario>
            <cap_beneficiario>88900</cap_beneficiario>
            <localita_beneficiario>CROTONE</localita_beneficiario>
            <provincia_beneficiario>KK</provincia_beneficiario>
            <stato_beneficiario>IT</stato_beneficiario>
            <partita_iva_beneficiario>01694540798</partita_iva_beneficiario>
         </beneficiario>
         <sepa_credit_transfer>
            <iban>IT28M0525622200000000211631</iban>
         </sepa_credit_transfer>
         <causale>CIG: 287285314B Fatture: 220/19</causale>
         <informazioni_aggiuntive>
            <lingua>ITALIANO</lingua>
         </informazioni_aggiuntive>
      </informazioni_beneficiario>
   </mandato>
   <mandato>
      <tipo_operazione>INSERIMENTO</tipo_operazione>
      <numero_mandato>1408</numero_mandato>
      <data_mandato>2020-02-06</data_mandato>
      <importo_mandato>1580.00</importo_mandato>
      <informazioni_beneficiario>
         <progressivo_beneficiario>1</progressivo_beneficiario>
         <importo_beneficiario>1580.00</importo_beneficiario>
         <tipo_pagamento>SEPA CREDIT TRANSFER</tipo_pagamento>
         <destinazione>LIBERA</destinazione>
         <tipo_contabilita_ente_ricevente>FRUTTIFERA</tipo_contabilita_ente_ricevente>
         <classificazione>
            <codice_cgu>2198</codice_cgu>
            <importo>1580.00</importo>
            <classificazione_dati_siope_uscite>
               <tipo_debito_siope_c>COMMERCIALE</tipo_debito_siope_c>
               <codice_cig_siope>2843646AE7</codice_cig_siope>
               <fattura_siope>
                  <codice_ipa_ente_siope>UF1KEY</codice_ipa_ente_siope>
                  <tipo_documento_siope_e>ELETTRONICO</tipo_documento_siope_e>
                  <identificativo_lotto_sdi_siope>1206425364</identificativo_lotto_sdi_siope>
                  <dati_fattura_siope>
                     <numero_fattura_siope>221</numero_fattura_siope>
                     <importo_siope>1643.20</importo_siope>
                     <data_scadenza_pagam_siope>2019-10-15</data_scadenza_pagam_siope>
                     <natura_spesa_siope>CORRENTE</natura_spesa_siope>
                  </dati_fattura_siope>
               </fattura_siope>
            </classificazione_dati_siope_uscite>
         </classificazione>
         <bollo>
            <assoggettamento_bollo>ESENTE BOLLO</assoggettamento_bollo>
            <causale_esenzione_bollo>ESENTE BOLLO IN QUANTO DOCUMENTI ASSOGGETTATI AD IVA</causale_esenzione_bollo>
         </bollo>
         <spese>
            <soggetto_destinatario_delle_spese>ESENTE</soggetto_destinatario_delle_spese>
            <causale_esenzione_spese>NESSUNA SPESA</causale_esenzione_spese>
         </spese>
         <beneficiario>
            <anagrafica_beneficiario>CAI SERVICE SPA</anagrafica_beneficiario>
            <indirizzo_beneficiario>VIA G MERCALLI 4</indirizzo_beneficiario>
            <cap_beneficiario>88900</cap_beneficiario>
            <localita_beneficiario>CROTONE</localita_beneficiario>
            <provincia_beneficiario>KK</provincia_beneficiario>
            <stato_beneficiario>IT</stato_beneficiario>
            <partita_iva_beneficiario>01694540798</partita_iva_beneficiario>
         </beneficiario>
         <sepa_credit_transfer>
            <iban>IT28M0525622200000000211631</iban>
         </sepa_credit_transfer>
         <causale>CIG: 2843646AE7 Fatture: 221/19</causale>
         <informazioni_aggiuntive>
            <lingua>ITALIANO</lingua>
         </informazioni_aggiuntive>
      </informazioni_beneficiario>
   </mandato>
</flusso_ordinativi>
